regione,hexagon_id,x,y,carcere,sovraffollamento,spazio,persone,descrizione
Abruzzo,Abruzzo_hex_3,803.37,535.23,Avezzano,153.34,"3,58",3,"Con 1543 posti e 2025 detenuti, il sovraffollamento è al 131%. Spazi pro capite ridotti, con 37 locali inutilizzabili. Docce e sanitari insufficienti aggravano la convivenza. Mediamente 3-4 persone per stanza, rendendo l’ambiente carcerario sovraccarico e poco vivibile."
Abruzzo,Abruzzo_hex_4,832.19,585.15,Chieti,168.35,"2,89",5,"Con 1543 posti e 2025 detenuti, il sovraffollamento è al 131%. Spazi pro capite ridotti, con 37 locali inutilizzabili. Docce e sanitari insufficienti aggravano la convivenza. Mediamente 3-4 persone per stanza, rendendo l’ambiente carcerario sovraccarico e poco vivibile."
Abruzzo,Abruzzo_hex_6,803.37,635.07,L'Aquila,76.13,"10,04",1,"Con 1543 posti e 2025 detenuti, il sovraffollamento è al 131%. Spazi pro capite ridotti, con 37 locali inutilizzabili. Docce e sanitari insufficienti aggravano la convivenza. Mediamente 3-4 persone per stanza, rendendo l’ambiente carcerario sovraccarico e poco vivibile."
Abruzzo,Abruzzo_hex_2,861.01,635.07,Lanciano,114.30,"6,4",2,"Con 1543 posti e 2025 detenuti, il sovraffollamento è al 131%. Spazi pro capite ridotti, con 37 locali inutilizzabili. Docce e sanitari insufficienti aggravano la convivenza. Mediamente 3-4 persone per stanza, rendendo l’ambiente carcerario sovraccarico e poco vivibile."
Abruzzo,Abruzzo_hex_8,774.14,585.15,Pescara,169.15,"2,88",5,"Con 1543 posti e 2025 detenuti, il sovraffollamento è al 131%. Spazi pro capite ridotti, con 37 locali inutilizzabili. Docce e sanitari insufficienti aggravano la convivenza. Mediamente 3-4 persone per stanza, rendendo l’ambiente carcerario sovraccarico e poco vivibile."
Abruzzo,Abruzzo_hex_5,832.19,684.59,Sulmona,190.52,"4,24",2,"Con 1543 posti e 2025 detenuti, il sovraffollamento è al 131%. Spazi pro capite ridotti, con 37 locali inutilizzabili. Docce e sanitari insufficienti aggravano la convivenza. Mediamente 3-4 persone per stanza, rendendo l’ambiente carcerario sovraccarico e poco vivibile."
Abruzzo,Abruzzo_hex_7,774.14,684.59,Teramo,153.54,"4,89",2,"Con 1543 posti e 2025 detenuti, il sovraffollamento è al 131%. Spazi pro capite ridotti, con 37 locali inutilizzabili. Docce e sanitari insufficienti aggravano la convivenza. Mediamente 3-4 persone per stanza, rendendo l’ambiente carcerario sovraccarico e poco vivibile."
Abruzzo,Abruzzo_hex_1,889.43,684.59,Vasto,68.03,"8,72",2,"Con 1543 posti e 2025 detenuti, il sovraffollamento è al 131%. Spazi pro capite ridotti, con 37 locali inutilizzabili. Docce e sanitari insufficienti aggravano la convivenza. Mediamente 3-4 persone per stanza, rendendo l’ambiente carcerario sovraccarico e poco vivibile."
Basilicata,Basilicata_hex_1,1178.05,884.27,Matera,149.20,"3,5",4,"Capienza di 368 posti e 464 detenuti (126%). La riduzione di locali (41 inutilizzabili) limita gli spazi pro capite. Condizioni migliorabili, con circa 3 persone per stanza e sanitari che non coprono le necessità."
Basilicata,Basilicata_hex_3,1149.23,934.20,Melfi,147.23,5,2,"Capienza di 368 posti e 464 detenuti (126%). La riduzione di locali (41 inutilizzabili) limita gli spazi pro capite. Condizioni migliorabili, con circa 3 persone per stanza e sanitari che non coprono le necessità."
Basilicata,Basilicata_hex_2,1120.01,884.27,Potenza,179.25,"4,67",2,"Capienza di 368 posti e 464 detenuti (126%). La riduzione di locali (41 inutilizzabili) limita gli spazi pro capite. Condizioni migliorabili, con circa 3 persone per stanza e sanitari che non coprono le necessità."
Calabria,Calabria_hex_11,1120.01,984.12,Castrovillari,144.20,"5,19",2,"2711 posti per 2997 detenuti (110%). Spazi limitati, con 68 locali inutilizzabili, e un sovraffollamento che spesso porta a 4-5 persone per cella. Servizi igienici e docce non soddisfano le esigenze della popolazione carceraria."
Calabria,Calabria_hex_2,1235.29,1084.36,Catanzaro,104.25,"5,31",2,"2711 posti per 2997 detenuti (110%). Spazi limitati, con 68 locali inutilizzabili, e un sovraffollamento che spesso porta a 4-5 persone per cella. Servizi igienici e docce non soddisfano le esigenze della popolazione carceraria."
Calabria,Calabria_hex_5,1206.47,1034.04,Cosenza,129.33,"3,97",3,"2711 posti per 2997 detenuti (110%). Spazi limitati, con 68 locali inutilizzabili, e un sovraffollamento che spesso porta a 4-5 persone per cella. Servizi igienici e docce non soddisfano le esigenze della popolazione carceraria."
Calabria,Calabria_hex_1,1293.34,1084.36,Crotone,135.16,"4,03",4,"2711 posti per 2997 detenuti (110%). Spazi limitati, con 68 locali inutilizzabili, e un sovraffollamento che spesso porta a 4-5 persone per cella. Servizi igienici e docce non soddisfano le esigenze della popolazione carceraria."
Calabria,Calabria_hex_7,1206.47,1134.28,Laureana di Borrello,143.24,"4,85",2,"2711 posti per 2997 detenuti (110%). Spazi limitati, con 68 locali inutilizzabili, e un sovraffollamento che spesso porta a 4-5 persone per cella. Servizi igienici e docce non soddisfano le esigenze della popolazione carceraria."
Calabria,Calabria_hex_3,1235.29,1184.20,Locri,150,"3,64",4,"2711 posti per 2997 detenuti (110%). Spazi limitati, con 68 locali inutilizzabili, e un sovraffollamento che spesso porta a 4-5 persone per cella. Servizi igienici e docce non soddisfano le esigenze della popolazione carceraria."
Calabria,Calabria_hex_8,1178.05,1184.20,Palmi,125.22,"4,36",4,"2711 posti per 2997 detenuti (110%). Spazi limitati, con 68 locali inutilizzabili, e un sovraffollamento che spesso porta a 4-5 persone per cella. Servizi igienici e docce non soddisfano le esigenze della popolazione carceraria."
Calabria,Calabria_hex_12,1149.23,1034.04,Paola,115.58,"6,6",2,"2711 posti per 2997 detenuti (110%). Spazi limitati, con 68 locali inutilizzabili, e un sovraffollamento che spesso porta a 4-5 persone per cella. Servizi igienici e docce non soddisfano le esigenze della popolazione carceraria."
Calabria,Calabria_hex_9,1206.47,1234.12,Reggio Calabria,119.19,"4,45",3,"2711 posti per 2997 detenuti (110%). Spazi limitati, con 68 locali inutilizzabili, e un sovraffollamento che spesso porta a 4-5 persone per cella. Servizi igienici e docce non soddisfano le esigenze della popolazione carceraria."
Calabria,Calabria_hex_10,1178.05,1284.04,Reggio Calabria Arghillà,115.08,"4,57",4,"2711 posti per 2997 detenuti (110%). Spazi limitati, con 68 locali inutilizzabili, e un sovraffollamento che spesso porta a 4-5 persone per cella. Servizi igienici e docce non soddisfano le esigenze della popolazione carceraria."
Calabria,Calabria_hex_4,1178.05,984.12,Rossano,117.11,"4,69",3,"2711 posti per 2997 detenuti (110%). Spazi limitati, con 68 locali inutilizzabili, e un sovraffollamento che spesso porta a 4-5 persone per cella. Servizi igienici e docce non soddisfano le esigenze della popolazione carceraria."
Calabria,Calabria_hex_6,1178.05,1084.36,Vibo Valentia,100,"5,3",3,"2711 posti per 2997 detenuti (110%). Spazi limitati, con 68 locali inutilizzabili, e un sovraffollamento che spesso porta a 4-5 persone per cella. Servizi igienici e docce non soddisfano le esigenze della popolazione carceraria."
Campania,Campania_hex_1,1091.18,834.35,Ariano Irpino,131.17,"4,12",3,"6222 posti previsti per 7568 detenuti (122%). Spazi sovraccarichi, con 281 locali inutilizzabili. Mediamente 5 detenuti per stanza, con condizioni di vivibilità al limite e servizi igienici spesso insufficienti."
Campania,Campania_hex_6,1033.54,834.35,Arienzo,145.23,"4,68",2,"6222 posti previsti per 7568 detenuti (122%). Spazi sovraccarichi, con 281 locali inutilizzabili. Mediamente 5 detenuti per stanza, con condizioni di vivibilità al limite e servizi igienici spesso insufficienti."
Campania,Campania_hex_2,1062.36,884.27,Avellino,109.45,"4,89",3,"6222 posti previsti per 7568 detenuti (122%). Spazi sovraccarichi, con 281 locali inutilizzabili. Mediamente 5 detenuti per stanza, con condizioni di vivibilità al limite e servizi igienici spesso insufficienti."
Campania,Campania_hex_12,889.43,784.43,Aversa,112.39,"4,76",3,"6222 posti previsti per 7568 detenuti (122%). Spazi sovraccarichi, con 281 locali inutilizzabili. Mediamente 5 detenuti per stanza, con condizioni di vivibilità al limite e servizi igienici spesso insufficienti."
Campania,Campania_hex_5,1005.12,784.43,Benevento,159.13,"4,42",2,"6222 posti previsti per 7568 detenuti (122%). Spazi sovraccarichi, con 281 locali inutilizzabili. Mediamente 5 detenuti per stanza, con condizioni di vivibilità al limite e servizi igienici spesso insufficienti."
Campania,Campania_hex_14,832.19,784.43,Carinola,91.20,"6,46",2,"6222 posti previsti per 7568 detenuti (122%). Spazi sovraccarichi, con 281 locali inutilizzabili. Mediamente 5 detenuti per stanza, con condizioni di vivibilità al limite e servizi igienici spesso insufficienti."
Campania,Campania_hex_8,1033.54,934.20,Eboli,89.29,"5,52",6,"6222 posti previsti per 7568 detenuti (122%). Spazi sovraccarichi, con 281 locali inutilizzabili. Mediamente 5 detenuti per stanza, con condizioni di vivibilità al limite e servizi igienici spesso insufficienti."
Campania,Campania_hex_10,976.30,834.35,Lauro,10,"57,8",1,"6222 posti previsti per 7568 detenuti (122%). Spazi sovraccarichi, con 281 locali inutilizzabili. Mediamente 5 detenuti per stanza, con condizioni di vivibilità al limite e servizi igienici spesso insufficienti."
Campania,Campania_hex_11,947.07,884.27,Napoli Poggioreale,157.29,"3,34",4,"6222 posti previsti per 7568 detenuti (122%). Spazi sovraccarichi, con 281 locali inutilizzabili. Mediamente 5 detenuti per stanza, con condizioni di vivibilità al limite e servizi igienici spesso insufficienti."
Campania,Campania_hex_13,918.25,834.35,Napoli Secondigliano,132.20,"5,18",2,"6222 posti previsti per 7568 detenuti (122%). Spazi sovraccarichi, con 281 locali inutilizzabili. Mediamente 5 detenuti per stanza, con condizioni di vivibilità al limite e servizi igienici spesso insufficienti."
Campania,Campania_hex_15,861.01,834.35,Pozzuoli,0,0,0,"6222 posti previsti per 7568 detenuti (122%). Spazi sovraccarichi, con 281 locali inutilizzabili. Mediamente 5 detenuti per stanza, con condizioni di vivibilità al limite e servizi igienici spesso insufficienti."
Campania,Campania_hex_7,1005.12,884.27,Salerno,159.04,"3,09",5,"6222 posti previsti per 7568 detenuti (122%). Spazi sovraccarichi, con 281 locali inutilizzabili. Mediamente 5 detenuti per stanza, con condizioni di vivibilità al limite e servizi igienici spesso insufficienti."
Campania,Campania_hex_3,1091.18,934.20,Sant'Angelo dei Lombardi,153.39,"3,81",3,"6222 posti previsti per 7568 detenuti (122%). Spazi sovraccarichi, con 281 locali inutilizzabili. Mediamente 5 detenuti per stanza, con condizioni di vivibilità al limite e servizi igienici spesso insufficienti."
Campania,Campania_hex_9,947.07,784.43,Santa Maria Capua Vetere,141.38,"3,81",3,"6222 posti previsti per 7568 detenuti (122%). Spazi sovraccarichi, con 281 locali inutilizzabili. Mediamente 5 detenuti per stanza, con condizioni di vivibilità al limite e servizi igienici spesso insufficienti."
Campania,Campania_hex_4,1062.36,984.12,Vallo della Lucania,142.50,"3,42",6,"6222 posti previsti per 7568 detenuti (122%). Spazi sovraccarichi, con 281 locali inutilizzabili. Mediamente 5 detenuti per stanza, con condizioni di vivibilità al limite e servizi igienici spesso insufficienti."
Emilia-Romagna,Emilia-Romagna_hex_1,572.39,335.14,Bologna,175.42,"4,26",2,"2984 posti e 3827 detenuti (128%). Il sovraffollamento riduce gli spazi pro capite, con 129 locali inutilizzabili. Circa 4 persone per stanza, servizi doccia migliorabili per garantire condizioni dignitose."
Emilia-Romagna,Emilia-Romagna_hex_2,543.57,285.22,Castelfranco Emilia,70.20,"8,19",2,"2984 posti e 3827 detenuti (128%). Il sovraffollamento riduce gli spazi pro capite, con 129 locali inutilizzabili. Circa 4 persone per stanza, servizi doccia migliorabili per garantire condizioni dignitose."
Emilia-Romagna,Emilia-Romagna_hex_3,601.21,285.22,Ferrara,161.48,"4,53",2,"2984 posti e 3827 detenuti (128%). Il sovraffollamento riduce gli spazi pro capite, con 129 locali inutilizzabili. Circa 4 persone per stanza, servizi doccia migliorabili per garantire condizioni dignitose."
Emilia-Romagna,Emilia-Romagna_hex_4,630.03,335.14,Forlì,121.21,"6,1",2,"2984 posti e 3827 detenuti (128%). Il sovraffollamento riduce gli spazi pro capite, con 129 locali inutilizzabili. Circa 4 persone per stanza, servizi doccia migliorabili per garantire condizioni dignitose."
Emilia-Romagna,Emilia-Romagna_hex_5,515.15,335.14,Modena,154.33,"3,76",3,"2984 posti e 3827 detenuti (128%). Il sovraffollamento riduce gli spazi pro capite, con 129 locali inutilizzabili. Circa 4 persone per stanza, servizi doccia migliorabili per garantire condizioni dignitose."
Emilia-Romagna,Emilia-Romagna_hex_6,428.28,285.22,Parma,116.37,"5,74",2,"2984 posti e 3827 detenuti (128%). Il sovraffollamento riduce gli spazi pro capite, con 129 locali inutilizzabili. Circa 4 persone per stanza, servizi doccia migliorabili per garantire condizioni dignitose."
Emilia-Romagna,Emilia-Romagna_hex_7,371.04,285.22,Piacenza,127.38,"5,33",2,"2984 posti e 3827 detenuti (128%). Il sovraffollamento riduce gli spazi pro capite, con 129 locali inutilizzabili. Circa 4 persone per stanza, servizi doccia migliorabili per garantire condizioni dignitose."
Emilia-Romagna,Emilia-Romagna_hex_8,659.26,285.22,Ravenna,188.16,"4,12",2,"2984 posti e 3827 detenuti (128%). Il sovraffollamento riduce gli spazi pro capite, con 129 locali inutilizzabili. Circa 4 persone per stanza, servizi doccia migliorabili per garantire condizioni dignitose."
Emilia-Romagna,Emilia-Romagna_hex_9,486.32,285.22,Reggio Emilia,121,"5,79",2,"2984 posti e 3827 detenuti (128%). Il sovraffollamento riduce gli spazi pro capite, con 129 locali inutilizzabili. Circa 4 persone per stanza, servizi doccia migliorabili per garantire condizioni dignitose."
Emilia-Romagna,Emilia-Romagna_hex_10,688.08,335.14,Rimini,130.51,"4,17",3,"2984 posti e 3827 detenuti (128%). Il sovraffollamento riduce gli spazi pro capite, con 129 locali inutilizzabili. Circa 4 persone per stanza, servizi doccia migliorabili per garantire condizioni dignitose."
Friuli-Venezia Giulia,Friuli-Venezia-Giulia_hex_1,716.50,83.24,Gorizia,136.25,"3,55",5,"484 posti per 689 detenuti (142%). Sovraffollamento grave, con 6 locali non disponibili. Spazi ridotti e circa 4 persone per cella, situazione resa critica da carenze nei servizi sanitari."
Friuli-Venezia Giulia,Friuli-Venezia-Giulia_hex_2,659.26,83.24,Pordenone,130.13,"4,25",4,"484 posti per 689 detenuti (142%). Sovraffollamento grave, con 6 locali non disponibili. Spazi ridotti e circa 4 persone per cella, situazione resa critica da carenze nei servizi sanitari."
Friuli-Venezia Giulia,Friuli-Venezia-Giulia_hex_3,688.08,33.28,Tolmezzo,96.35,"7,75",1,"484 posti per 689 detenuti (142%). Sovraffollamento grave, con 6 locali non disponibili. Spazi ridotti e circa 4 persone per cella, situazione resa critica da carenze nei servizi sanitari."
Friuli-Venezia Giulia,Friuli-Venezia-Giulia_hex_5,745.32,33.28,Trieste,172.32,"3,1",4,"484 posti per 689 detenuti (142%). Sovraffollamento grave, con 6 locali non disponibili. Spazi ridotti e circa 4 persone per cella, situazione resa critica da carenze nei servizi sanitari."
Friuli-Venezia Giulia,Friuli-Venezia-Giulia_hex_4,745.32,133.13,Udine,193.41,"2,9",3,"484 posti per 689 detenuti (142%). Sovraffollamento grave, con 6 locali non disponibili. Spazi ridotti e circa 4 persone per cella, situazione resa critica da carenze nei servizi sanitari."
Lazio,Lazio_hex_1,803.37,734.51,Cassino,136.25,"2,42",2,"5282 posti e 6772 detenuti (128%). Grave sovraffollamento con 496 locali inutilizzabili. Spazi pro capite insufficienti, circa 5-6 persone per stanza e servizi sovraccarichi rendono il contesto particolarmente difficile."
Lazio,Lazio_hex_2,543.57,585.15,"Civitavecchia, circondariale",130.13,"4,26",2,"5282 posti e 6772 detenuti (128%). Grave sovraffollamento con 496 locali inutilizzabili. Spazi pro capite insufficienti, circa 5-6 persone per stanza e servizi sovraccarichi rendono il contesto particolarmente difficile."
Lazio,Lazio_hex_3,572.39,635.07,"Civitavecchia, reclusione",96.35,"7,16",2,"5282 posti e 6772 detenuti (128%). Grave sovraffollamento con 496 locali inutilizzabili. Spazi pro capite insufficienti, circa 5-6 persone per stanza e servizi sovraccarichi rendono il contesto particolarmente difficile."
Lazio,Lazio_hex_4,774.14,784.43,Frosinone,172.32,"4,93",2,"5282 posti e 6772 detenuti (128%). Grave sovraffollamento con 496 locali inutilizzabili. Spazi pro capite insufficienti, circa 5-6 persone per stanza e servizi sovraccarichi rendono il contesto particolarmente difficile."
Lazio,Lazio_hex_5,688.08,734.51,Latina,193.41,"3,26",3,"5282 posti e 6772 detenuti (128%). Grave sovraffollamento con 496 locali inutilizzabili. Spazi pro capite insufficienti, circa 5-6 persone per stanza e servizi sovraccarichi rendono il contesto particolarmente difficile."
Lazio,Lazio_hex_6,745.32,734.51,Paliano,169.29,"13,33",2,"5282 posti e 6772 detenuti (128%). Grave sovraffollamento con 496 locali inutilizzabili. Spazi pro capite insufficienti, circa 5-6 persone per stanza e servizi sovraccarichi rendono il contesto particolarmente difficile."
Lazio,Lazio_hex_7,745.32,535.23,Rieti,171.38,"2,92",4,"5282 posti e 6772 detenuti (128%). Grave sovraffollamento con 496 locali inutilizzabili. Spazi pro capite insufficienti, circa 5-6 persone per stanza e servizi sovraccarichi rendono il contesto particolarmente difficile."
Lazio,Lazio_hex_8,659.26,684.59,Roma,94.57,"2,83",4,"5282 posti e 6772 detenuti (128%). Grave sovraffollamento con 496 locali inutilizzabili. Spazi pro capite insufficienti, circa 5-6 persone per stanza e servizi sovraccarichi rendono il contesto particolarmente difficile."
Lazio,Lazio_hex_9,716.50,585.15,"Roma Rebibbia, circondariale",175.32,"8,95",2,"5282 posti e 6772 detenuti (128%). Grave sovraffollamento con 496 locali inutilizzabili. Spazi pro capite insufficienti, circa 5-6 persone per stanza e servizi sovraccarichi rendono il contesto particolarmente difficile."
Lazio,Lazio_hex_10,630.03,635.07,"Roma Rebibbia, nc circondariale",124.57,"3,87",3,"5282 posti e 6772 detenuti (128%). Grave sovraffollamento con 496 locali inutilizzabili. Spazi pro capite insufficienti, circa 5-6 persone per stanza e servizi sovraccarichi rendono il contesto particolarmente difficile."
Lazio,Lazio_hex_11,688.08,635.07,"Roma Rebibbia, reclusione",189.33,"7,66",1,"5282 posti e 6772 detenuti (128%). Grave sovraffollamento con 496 locali inutilizzabili. Spazi pro capite insufficienti, circa 5-6 persone per stanza e servizi sovraccarichi rendono il contesto particolarmente difficile."
Lazio,Lazio_hex_12,745.32,635.07,Roma Rebibbia. circondariale femm,43.42,"3,99",3,"5282 posti e 6772 detenuti (128%). Grave sovraffollamento con 496 locali inutilizzabili. Spazi pro capite insufficienti, circa 5-6 persone per stanza e servizi sovraccarichi rendono il contesto particolarmente difficile."
Lazio,Lazio_hex_13,716.50,684.59,Velletri,198.41,"4,47",2,"5282 posti e 6772 detenuti (128%). Grave sovraffollamento con 496 locali inutilizzabili. Spazi pro capite insufficienti, circa 5-6 persone per stanza e servizi sovraccarichi rendono il contesto particolarmente difficile."
Lazio,Lazio_hex_14,601.21,585.15,Viterbo,147.30,"4,28",2,"5282 posti e 6772 detenuti (128%). Grave sovraffollamento con 496 locali inutilizzabili. Spazi pro capite insufficienti, circa 5-6 persone per stanza e servizi sovraccarichi rendono il contesto particolarmente difficile."
Liguria,Liguria_hex_1,284.17,235.30,Chiavari,174.07,"4,55",3,"1608 posti e 1953 detenuti (121%). Con 72 locali non disponibili, gli spazi pro capite sono ridotti. Mediamente 4 detenuti per stanza, con sanitari insufficienti per garantire condizioni ottimali."
Liguria,Liguria_hex_2,226.53,235.30,Genova Marassi,103.33,"4,11",4,"1608 posti e 1953 detenuti (121%). Con 72 locali non disponibili, gli spazi pro capite sono ridotti. Mediamente 4 detenuti per stanza, con sanitari insufficienti per garantire condizioni ottimali."
Liguria,Liguria_hex_3,169.28,235.30,Genova Pontedecimo,139.04,"4,22",2,"1608 posti e 1953 detenuti (121%). Con 72 locali non disponibili, gli spazi pro capite sono ridotti. Mediamente 4 detenuti per stanza, con sanitari insufficienti per garantire condizioni ottimali."
Liguria,Liguria_hex_4,111.24,235.30,Imperia,119.23,"4,57",2,"1608 posti e 1953 detenuti (121%). Con 72 locali non disponibili, gli spazi pro capite sono ridotti. Mediamente 4 detenuti per stanza, con sanitari insufficienti per garantire condizioni ottimali."
Liguria,Liguria_hex_5,313.39,285.22,La Spezia,131.05,"3,59",2,"1608 posti e 1953 detenuti (121%). Con 72 locali non disponibili, gli spazi pro capite sono ridotti. Mediamente 4 detenuti per stanza, con sanitari insufficienti per garantire condizioni ottimali."
Liguria,Liguria_hex_6,82.42,285.22,Sanremo,165.11,"4,53",3,"1608 posti e 1953 detenuti (121%). Con 72 locali non disponibili, gli spazi pro capite sono ridotti. Mediamente 4 detenuti per stanza, con sanitari insufficienti per garantire condizioni ottimali."
Lombardia,Lombardia_hex_1,515.15,135.46,Brescia Verziano,184.36,"6,18",2,"6258 posti e 9123 detenuti (146%). Regione con il maggiore sovraffollamento, con 261 locali inutilizzabili. Spazi ridotti costringono 5-6 persone per stanza. Servizi sanitari e docce non adeguati."
Lombardia,Lombardia_hex_2,313.39,185.38,Pavia,175.25,"4,94",3,"6258 posti e 9123 detenuti (146%). Regione con il maggiore sovraffollamento, con 261 locali inutilizzabili. Spazi ridotti costringono 5-6 persone per stanza. Servizi sanitari e docce non adeguati."
Lombardia,Lombardia_hex_3,284.17,135.46,Vigevano,133.02,"2,68",4,"6258 posti e 9123 detenuti (146%). Regione con il maggiore sovraffollamento, con 261 locali inutilizzabili. Spazi ridotti costringono 5-6 persone per stanza. Servizi sanitari e docce non adeguati."
Lombardia,Lombardia_hex_4,313.39,85.54,Busto Arsizio,113.08,"4,53",2,"6258 posti e 9123 detenuti (146%). Regione con il maggiore sovraffollamento, con 261 locali inutilizzabili. Spazi ridotti costringono 5-6 persone per stanza. Servizi sanitari e docce non adeguati."
Lombardia,Lombardia_hex_5,284.17,36.02,Varese,145.23,"2,74",3,"6258 posti e 9123 detenuti (146%). Regione con il maggiore sovraffollamento, con 261 locali inutilizzabili. Spazi ridotti costringono 5-6 persone per stanza. Servizi sanitari e docce non adeguati."
Lombardia,Lombardia_hex_6,342.21,235.30,Voghera,146.15,"2,99",3,"6258 posti e 9123 detenuti (146%). Regione con il maggiore sovraffollamento, con 261 locali inutilizzabili. Spazi ridotti costringono 5-6 persone per stanza. Servizi sanitari e docce non adeguati."
Lombardia,Lombardia_hex_7,371.04,185.38,Milano San Vittore,160.38,"3,72",3,"6258 posti e 9123 detenuti (146%). Regione con il maggiore sovraffollamento, con 261 locali inutilizzabili. Spazi ridotti costringono 5-6 persone per stanza. Servizi sanitari e docce non adeguati."
Lombardia,Lombardia_hex_8,342.21,135.46,Bollate,124.27,"3,58",3,"6258 posti e 9123 detenuti (146%). Regione con il maggiore sovraffollamento, con 261 locali inutilizzabili. Spazi ridotti costringono 5-6 persone per stanza. Servizi sanitari e docce non adeguati."
Lombardia,Lombardia_hex_9,371.04,85.54,Como,208.09,"2,78",3,"6258 posti e 9123 detenuti (146%). Regione con il maggiore sovraffollamento, con 261 locali inutilizzabili. Spazi ridotti costringono 5-6 persone per stanza. Servizi sanitari e docce non adeguati."
Lombardia,Lombardia_hex_10,399.46,235.30,Opera,228.09,"2,74",4,"6258 posti e 9123 detenuti (146%). Regione con il maggiore sovraffollamento, con 261 locali inutilizzabili. Spazi ridotti costringono 5-6 persone per stanza. Servizi sanitari e docce non adeguati."
Lombardia,Lombardia_hex_11,428.28,185.38,Lodi,199.06,"2,41",3,"6258 posti e 9123 detenuti (146%). Regione con il maggiore sovraffollamento, con 261 locali inutilizzabili. Spazi ridotti costringono 5-6 persone per stanza. Servizi sanitari e docce non adeguati."
Lombardia,Lombardia_hex_12,399.46,135.46,Monza,198.02,"3,36",3,"6258 posti e 9123 detenuti (146%). Regione con il maggiore sovraffollamento, con 261 locali inutilizzabili. Spazi ridotti costringono 5-6 persone per stanza. Servizi sanitari e docce non adeguati."
Lombardia,Lombardia_hex_13,428.28,85.54,Lecco,199.56,"6,24",2,"6258 posti e 9123 detenuti (146%). Regione con il maggiore sovraffollamento, con 261 locali inutilizzabili. Spazi ridotti costringono 5-6 persone per stanza. Servizi sanitari e docce non adeguati."
Lombardia,Lombardia_hex_14,399.46,36.02,Sondrio,108.33,"4,9",2,"6258 posti e 9123 detenuti (146%). Regione con il maggiore sovraffollamento, con 261 locali inutilizzabili. Spazi ridotti costringono 5-6 persone per stanza. Servizi sanitari e docce non adeguati."
Lombardia,Lombardia_hex_15,457.10,235.30,Cremona,160,"4,29",3,"6258 posti e 9123 detenuti (146%). Regione con il maggiore sovraffollamento, con 261 locali inutilizzabili. Spazi ridotti costringono 5-6 persone per stanza. Servizi sanitari e docce non adeguati."
Lombardia,Lombardia_hex_16,486.32,185.38,Brescia Canton Monbello,119,"4,82",2,"6258 posti e 9123 detenuti (146%). Regione con il maggiore sovraffollamento, con 261 locali inutilizzabili. Spazi ridotti costringono 5-6 persone per stanza. Servizi sanitari e docce non adeguati."
Lombardia,Lombardia_hex_17,457.10,135.46,Bergamo,147.17,"3,27",3,"6258 posti e 9123 detenuti (146%). Regione con il maggiore sovraffollamento, con 261 locali inutilizzabili. Spazi ridotti costringono 5-6 persone per stanza. Servizi sanitari e docce non adeguati."
Lombardia,Lombardia_hex_18,515.15,235.30,Mantova,151.04,"4,45",2,"6258 posti e 9123 detenuti (146%). Regione con il maggiore sovraffollamento, con 261 locali inutilizzabili. Spazi ridotti costringono 5-6 persone per stanza. Servizi sanitari e docce non adeguati."
Marche,Marche_hex_1,688.08,435.39,Ancona Barcaglione,189.08,"8,41",1,"837 posti per 955 detenuti (114%). Spazi ridotti, con 85 locali inutilizzabili. Circa 3-4 persone per cella, con condizioni accettabili ma migliorabili nei servizi igienici."
Marche,Marche_hex_2,745.32,435.39,Ancona Montacuto,166,"4,06",4,"837 posti per 955 detenuti (114%). Spazi ridotti, con 85 locali inutilizzabili. Circa 3-4 persone per cella, con condizioni accettabili ma migliorabili nei servizi igienici."
Marche,Marche_hex_3,716.50,485.31,Ascoli Piceno,101.17,5,2,"837 posti per 955 detenuti (114%). Spazi ridotti, con 85 locali inutilizzabili. Circa 3-4 persone per cella, con condizioni accettabili ma migliorabili nei servizi igienici."
Marche,Marche_hex_4,774.14,485.31,Fermo,90,"4,02",3,"837 posti per 955 detenuti (114%). Spazi ridotti, con 85 locali inutilizzabili. Circa 3-4 persone per cella, con condizioni accettabili ma migliorabili nei servizi igienici."
Marche,Marche_hex_5,659.26,385.06,Fossombrone,131.25,"4,76",1,"837 posti per 955 detenuti (114%). Spazi ridotti, con 85 locali inutilizzabili. Circa 3-4 persone per cella, con condizioni accettabili ma migliorabili nei servizi igienici."
Marche,Marche_hex_6,716.50,385.06,Pesaro,128.28,"3,68",3,"837 posti per 955 detenuti (114%). Spazi ridotti, con 85 locali inutilizzabili. Circa 3-4 persone per cella, con condizioni accettabili ma migliorabili nei servizi igienici."
Molise,Molise_hex_1,918.25,734.51,Campobasso,139.53,"3,13",3,"275 posti e 367 detenuti (133%). Spazi sovraffollati, con 32 locali inutilizzabili. Mediamente 4 persone per stanza, sanitari limitati e docce insufficienti."
Molise,Molise_hex_2,861.01,734.51,Isernia,87.13,"4,36",3,"275 posti e 367 detenuti (133%). Spazi sovraffollati, con 32 locali inutilizzabili. Mediamente 4 persone per stanza, sanitari limitati e docce insufficienti."
Molise,Molise_hex_3,947.07,684.59,Larino,167.11,"5,05",2,"275 posti e 367 detenuti (133%). Spazi sovraffollati, con 32 locali inutilizzabili. Mediamente 4 persone per stanza, sanitari limitati e docce insufficienti."
Piemonte,Piemonte_hex_1,140.06,185.38,Alba,180.21,"5,53",1,"3325 posti per 3712 detenuti (112%). Con 202 locali inutilizzabili, gli spazi pro capite sono ridotti. Circa 3-4 persone per stanza, con docce e sanitari al limite della sufficienza."
Piemonte,Piemonte_hex_2,111.24,135.46,Asti,128,"6,07",2,"3325 posti per 3712 detenuti (112%). Con 202 locali inutilizzabili, gli spazi pro capite sono ridotti. Circa 3-4 persone per stanza, con docce e sanitari al limite della sufficienza."
Piemonte,Piemonte_hex_3,140.06,85.54,Biella,138.30,"5,54",2,"3325 posti per 3712 detenuti (112%). Con 202 locali inutilizzabili, gli spazi pro capite sono ridotti. Circa 3-4 persone per stanza, con docce e sanitari al limite della sufficienza."
Piemonte,Piemonte_hex_4,54,235.30,Cuneo,82.03,"5,18",2,"3325 posti per 3712 detenuti (112%). Con 202 locali inutilizzabili, gli spazi pro capite sono ridotti. Circa 3-4 persone per stanza, con docce e sanitari al limite della sufficienza."
Piemonte,Piemonte_hex_5,82.42,185.38,Fossano,120.01,"6,53",3,"3325 posti per 3712 detenuti (112%). Con 202 locali inutilizzabili, gli spazi pro capite sono ridotti. Circa 3-4 persone per stanza, con docce e sanitari al limite della sufficienza."
Piemonte,Piemonte_hex_6,82.42,85.54,Ivrea,119.12,"5,53",2,"3325 posti per 3712 detenuti (112%). Con 202 locali inutilizzabili, gli spazi pro capite sono ridotti. Circa 3-4 persone per stanza, con docce e sanitari al limite della sufficienza."
Piemonte,Piemonte_hex_7,24,185.38,Saluzzo,105.51,"7,81",2,"3325 posti per 3712 detenuti (112%). Con 202 locali inutilizzabili, gli spazi pro capite sono ridotti. Circa 3-4 persone per stanza, con docce e sanitari al limite della sufficienza."
Piemonte,Piemonte_hex_8,54,135:46:00,Torino,82.35,"5,5",2,"3325 posti per 3712 detenuti (112%). Con 202 locali inutilizzabili, gli spazi pro capite sono ridotti. Circa 3-4 persone per stanza, con docce e sanitari al limite della sufficienza."
Piemonte,Piemonte_hex_9,169.28,36.02,Verbania,138.30,"3,72",3,"3325 posti per 3712 detenuti (112%). Con 202 locali inutilizzabili, gli spazi pro capite sono ridotti. Circa 3-4 persone per stanza, con docce e sanitari al limite della sufficienza."
Piemonte,Piemonte_hex_10,169.28,135.46,Vercelli,84.36,"4,36",2,"3325 posti per 3712 detenuti (112%). Con 202 locali inutilizzabili, gli spazi pro capite sono ridotti. Circa 3-4 persone per stanza, con docce e sanitari al limite della sufficienza."
Piemonte,Piemonte_hex_11,255.35,185.38,"Alessandria, reclusione",151.34,"5,34",2,"3325 posti per 3712 detenuti (112%). Con 202 locali inutilizzabili, gli spazi pro capite sono ridotti. Circa 3-4 persone per stanza, con docce e sanitari al limite della sufficienza."
Piemonte,Piemonte_hex_12,198.11,185.38,"Alessandria, circondariale",101.01,5,3,"3325 posti per 3712 detenuti (112%). Con 202 locali inutilizzabili, gli spazi pro capite sono ridotti. Circa 3-4 persone per stanza, con docce e sanitari al limite della sufficienza."
Piemonte,Piemonte_hex_13,226.53,135.46,Novara,207.45,"3,07",4,"3325 posti per 3712 detenuti (112%). Con 202 locali inutilizzabili, gli spazi pro capite sono ridotti. Circa 3-4 persone per stanza, con docce e sanitari al limite della sufficienza."
Puglia,Puglia_hex_1,1149.23,834.35,Altamura,132.06,"4,59",2,"2943 posti per 4388 detenuti (149%). Sovraffollamento grave, con 209 locali non disponibili. Mediamente 5 persone per stanza, con servizi sanitari e docce inadeguati."
Puglia,Puglia_hex_2,1120.01,784.43,Bari,153.23,"3,14",3,"2943 posti per 4388 detenuti (149%). Sovraffollamento grave, con 209 locali non disponibili. Mediamente 5 persone per stanza, con servizi sanitari e docce inadeguati."
Puglia,Puglia_hex_3,1293.34,884.27,Brindisi,168.45,"3,6",3,"2943 posti per 4388 detenuti (149%). Sovraffollamento grave, con 209 locali non disponibili. Mediamente 5 persone per stanza, con servizi sanitari e docce inadeguati."
Puglia,Puglia_hex_4,1033.54,734.51,Foggia,161.18,"2,8",4,"2943 posti per 4388 detenuti (149%). Sovraffollamento grave, con 209 locali non disponibili. Mediamente 5 persone per stanza, con servizi sanitari e docce inadeguati."
Puglia,Puglia_hex_5,1322.16,934.20,Lecce,167.46,"4,35",2,"2943 posti per 4388 detenuti (149%). Sovraffollamento grave, con 209 locali non disponibili. Mediamente 5 persone per stanza, con servizi sanitari e docce inadeguati."
Puglia,Puglia_hex_6,976.30,734.51,Lucera,164.27,"4,85",3,"2943 posti per 4388 detenuti (149%). Sovraffollamento grave, con 209 locali non disponibili. Mediamente 5 persone per stanza, con servizi sanitari e docce inadeguati."
Puglia,Puglia_hex_7,1005.12,684.59,San Severo,208.23,"8,54",1,"2943 posti per 4388 detenuti (149%). Sovraffollamento grave, con 209 locali non disponibili. Mediamente 5 persone per stanza, con servizi sanitari e docce inadeguati."
Puglia,Puglia_hex_8,1235.29,884.27,Taranto,161.27,"2,98",3,"2943 posti per 4388 detenuti (149%). Sovraffollamento grave, con 209 locali non disponibili. Mediamente 5 persone per stanza, con servizi sanitari e docce inadeguati."
Puglia,Puglia_hex_9,1062.36,784.43,"Trani, circondariale",121.48,"3,85",2,"2943 posti per 4388 detenuti (149%). Sovraffollamento grave, con 209 locali non disponibili. Mediamente 5 persone per stanza, con servizi sanitari e docce inadeguati."
Puglia,Puglia_hex_10,1091.18,734.51,"Trani, reclusione femminile",131.15,"4,56",3,"2943 posti per 4388 detenuti (149%). Sovraffollamento grave, con 209 locali non disponibili. Mediamente 5 persone per stanza, con servizi sanitari e docce inadeguati."
Puglia,Puglia_hex_11,1206.47,834.35,Turi,19.39,"3,73",4,"2943 posti per 4388 detenuti (149%). Sovraffollamento grave, con 209 locali non disponibili. Mediamente 5 persone per stanza, con servizi sanitari e docce inadeguati."
Sardegna,Sardegna_hex_1,140.06,984.12,Alghero,131.56,"10,69",2,"2614 posti per 2280 detenuti (87%). Unica regione con capienza quasi adeguata, ma 99 locali inutilizzabili. Mediamente 2-3 persone per stanza, condizioni gestibili ma con spazi da ottimizzare."
Sardegna,Sardegna_hex_2,169.28,1134.28,Arbus id Arenas,125,"7,75",3,"2614 posti per 2280 detenuti (87%). Unica regione con capienza quasi adeguata, ma 99 locali inutilizzabili. Mediamente 2-3 persone per stanza, condizioni gestibili ma con spazi da ottimizzare."
Sardegna,Sardegna_hex_3,226.53,1134.28,Cagliari,149,"4,04",3,"2614 posti per 2280 detenuti (87%). Unica regione con capienza quasi adeguata, ma 99 locali inutilizzabili. Mediamente 2-3 persone per stanza, condizioni gestibili ma con spazi da ottimizzare."
Sardegna,Sardegna_hex_4,198.11,1084.36,Isili,55.13,"7,52",3,"2614 posti per 2280 detenuti (87%). Unica regione con capienza quasi adeguata, ma 99 locali inutilizzabili. Mediamente 2-3 persone per stanza, condizioni gestibili ma con spazi da ottimizzare."
Sardegna,Sardegna_hex_5,255.35,1084.36,Lanusei,71.03,"5,96",3,"2614 posti per 2280 detenuti (87%). Unica regione con capienza quasi adeguata, ma 99 locali inutilizzabili. Mediamente 2-3 persone per stanza, condizioni gestibili ma con spazi da ottimizzare."
Sardegna,Sardegna_hex_6,226.35,1034.04,Nuoro,136.01,"7,18",2,"2614 posti per 2280 detenuti (87%). Unica regione con capienza quasi adeguata, ma 99 locali inutilizzabili. Mediamente 2-3 persone per stanza, condizioni gestibili ma con spazi da ottimizzare."
Sardegna,Sardegna_hex_7,255.35,984.12,Onanì,73.30,"9,11",2,"2614 posti per 2280 detenuti (87%). Unica regione con capienza quasi adeguata, ma 99 locali inutilizzabili. Mediamente 2-3 persone per stanza, condizioni gestibili ma con spazi da ottimizzare."
Sardegna,Sardegna_hex_8,140.06,1084.36,Oristano,91.31,"6,91",2,"2614 posti per 2280 detenuti (87%). Unica regione con capienza quasi adeguata, ma 99 locali inutilizzabili. Mediamente 2-3 persone per stanza, condizioni gestibili ma con spazi da ottimizzare."
Sardegna,Sardegna_hex_9,169.28,1034.04,Sassari,70.48,"5,51",2,"2614 posti per 2280 detenuti (87%). Unica regione con capienza quasi adeguata, ma 99 locali inutilizzabili. Mediamente 2-3 persone per stanza, condizioni gestibili ma con spazi da ottimizzare."
Sardegna,Sardegna_hex_10,198.11,984.12,Tempio Pausania,66.47,"6,27",2,"2614 posti per 2280 detenuti (87%). Unica regione con capienza quasi adeguata, ma 99 locali inutilizzabili. Mediamente 2-3 persone per stanza, condizioni gestibili ma con spazi da ottimizzare."
Sicilia,Sicilia_hex_1,889.43,1383.48,Agrigento,117.18,"4,78",2,"6439 posti e 6930 detenuti (108%). Leggero sovraffollamento, con 313 locali inutilizzabili. Mediamente 3-4 persone per stanza, con servizi migliorabili per adeguarsi alle necessità."
Sicilia,Sicilia_hex_2,1005.12,1483.33,Augusta,98.24,"4,53",2,"6439 posti e 6930 detenuti (108%). Leggero sovraffollamento, con 313 locali inutilizzabili. Mediamente 3-4 persone per stanza, con servizi migliorabili per adeguarsi alle necessità."
Sicilia,Sicilia_hex_3,1033.54,1333.56,Barcellona Pozzo di Gotto,146.39,"7,58",2,"6439 posti e 6930 detenuti (108%). Leggero sovraffollamento, con 313 locali inutilizzabili. Mediamente 3-4 persone per stanza, con servizi migliorabili per adeguarsi alle necessità."
Sicilia,Sicilia_hex_4,976.30,1433.41,Caltagirone,164.14,"5,01",2,"6439 posti e 6930 detenuti (108%). Leggero sovraffollamento, con 313 locali inutilizzabili. Mediamente 3-4 persone per stanza, con servizi migliorabili per adeguarsi alle necessità."
Sicilia,Sicilia_hex_5,861.01,1433.41,Caltanisetta,66.02,"4,35",3,"6439 posti e 6930 detenuti (108%). Leggero sovraffollamento, con 313 locali inutilizzabili. Mediamente 3-4 persone per stanza, con servizi migliorabili per adeguarsi alle necessità."
Sicilia,Sicilia_hex_6,716.50,1383.48,Castelvetrano,113.53,"4,47",2,"6439 posti e 6930 detenuti (108%). Leggero sovraffollamento, con 313 locali inutilizzabili. Mediamente 3-4 persone per stanza, con servizi migliorabili per adeguarsi alle necessità."
Sicilia,Sicilia_hex_7,1033.54,1433.41,Catania Bicocca,125.14,"3,61",4,"6439 posti e 6930 detenuti (108%). Leggero sovraffollamento, con 313 locali inutilizzabili. Mediamente 3-4 persone per stanza, con servizi migliorabili per adeguarsi alle necessità."
Sicilia,Sicilia_hex_8,1005.12,1383.48,Catania Piazza Lanza,161.36,"6,2",2,"6439 posti e 6930 detenuti (108%). Leggero sovraffollamento, con 313 locali inutilizzabili. Mediamente 3-4 persone per stanza, con servizi migliorabili per adeguarsi alle necessità."
Sicilia,Sicilia_hex_9,947.07,1383.48,Enna,137.04,"4,4",3,"6439 posti e 6930 detenuti (108%). Leggero sovraffollamento, con 313 locali inutilizzabili. Mediamente 3-4 persone per stanza, con servizi migliorabili per adeguarsi alle necessità."
Sicilia,Sicilia_hex_10,659.26,1383.48,Favignana,148.39,"5,37",3,"6439 posti e 6930 detenuti (108%). Leggero sovraffollamento, con 313 locali inutilizzabili. Mediamente 3-4 persone per stanza, con servizi migliorabili per adeguarsi alle necessità."
Sicilia,Sicilia_hex_11,889.43,1483.33,Gela,132.01,"4,98",2,"6439 posti e 6930 detenuti (108%). Leggero sovraffollamento, con 313 locali inutilizzabili. Mediamente 3-4 persone per stanza, con servizi migliorabili per adeguarsi alle necessità."
Sicilia,Sicilia_hex_12,1062.36,1383.48,Giarre,100,"5,14",2,"6439 posti e 6930 detenuti (108%). Leggero sovraffollamento, con 313 locali inutilizzabili. Mediamente 3-4 persone per stanza, con servizi migliorabili per adeguarsi alle necessità."
Sicilia,Sicilia_hex_13,1091.18,1333.56,Messina,139.58,"5,13",2,"6439 posti e 6930 detenuti (108%). Leggero sovraffollamento, con 313 locali inutilizzabili. Mediamente 3-4 persone per stanza, con servizi migliorabili per adeguarsi alle necessità."
Sicilia,Sicilia_hex_14,976.30,1533.25,Noto,141.18,"7,59",2,"6439 posti e 6930 detenuti (108%). Leggero sovraffollamento, con 313 locali inutilizzabili. Mediamente 3-4 persone per stanza, con servizi migliorabili per adeguarsi alle necessità."
Sicilia,Sicilia_hex_15,803.37,1333.56,"Palermo, circondariale",101.31,"5,23",2,"6439 posti e 6930 detenuti (108%). Leggero sovraffollamento, con 313 locali inutilizzabili. Mediamente 3-4 persone per stanza, con servizi migliorabili per adeguarsi alle necessità."
Sicilia,Sicilia_hex_16,745.32,1333.56,"Palermo, reclusione",82.39,"5,13",3,"6439 posti e 6930 detenuti (108%). Leggero sovraffollamento, con 313 locali inutilizzabili. Mediamente 3-4 persone per stanza, con servizi migliorabili per adeguarsi alle necessità."
Sicilia,Sicilia_hex_17,918.25,1433.41,Piazza Armerina,122.49,"4,43",2,"6439 posti e 6930 detenuti (108%). Leggero sovraffollamento, con 313 locali inutilizzabili. Mediamente 3-4 persone per stanza, con servizi migliorabili per adeguarsi alle necessità."
Sicilia,Sicilia_hex_18,947.07,1483.33,Ragusa,100,"4,51",4,"6439 posti e 6930 detenuti (108%). Leggero sovraffollamento, con 313 locali inutilizzabili. Mediamente 3-4 persone per stanza, con servizi migliorabili per adeguarsi alle necessità."
Sicilia,Sicilia_hex_19,803.37,1433.41,San Cataldo,158.33,"6,19",5,"6439 posti e 6930 detenuti (108%). Leggero sovraffollamento, con 313 locali inutilizzabili. Mediamente 3-4 persone per stanza, con servizi migliorabili per adeguarsi alle necessità."
Sicilia,Sicilia_hex_20,774.14,1383.48,Sciacca,110.24,"6,6",1,"6439 posti e 6930 detenuti (108%). Leggero sovraffollamento, con 313 locali inutilizzabili. Mediamente 3-4 persone per stanza, con servizi migliorabili per adeguarsi alle necessità."
Sicilia,Sicilia_hex_21,1033.54,1533.25,Siracusa,77.27,"4,5",3,"6439 posti e 6930 detenuti (108%). Leggero sovraffollamento, con 313 locali inutilizzabili. Mediamente 3-4 persone per stanza, con servizi migliorabili per adeguarsi alle necessità."
Sicilia,Sicilia_hex_22,832.19,1383.48,Termini Imerese,115,"4,9",3,"6439 posti e 6930 detenuti (108%). Leggero sovraffollamento, con 313 locali inutilizzabili. Mediamente 3-4 persone per stanza, con servizi migliorabili per adeguarsi alle necessità."
Sicilia,Sicilia_hex_23,688.08,1333.56,Trapani,121.28,"4,83",3,"6439 posti e 6930 detenuti (108%). Leggero sovraffollamento, con 313 locali inutilizzabili. Mediamente 3-4 persone per stanza, con servizi migliorabili per adeguarsi alle necessità."
Toscana,Toscana_hex_1,630.03,435.39,Arezzo,114.08,"5,43",1,"3162 posti per 3254 detenuti (103%). Condizioni non critiche ma 391 locali inutilizzabili riducono gli spazi pro capite. Mediamente 3 persone per stanza, con sanitari al limite."
Toscana,Toscana_hex_2,601.21,385.06,Firenze,108.45,"4,22",3,"3162 posti per 3254 detenuti (103%). Condizioni non critiche ma 391 locali inutilizzabili riducono gli spazi pro capite. Mediamente 3 persone per stanza, con sanitari al limite."
Toscana,Toscana_hex_3,572.39,435.39,Firenze Sollicciano,179.17,"4,59",2,"3162 posti per 3254 detenuti (103%). Condizioni non critiche ma 391 locali inutilizzabili riducono gli spazi pro capite. Mediamente 3 persone per stanza, con sanitari al limite."
Toscana,Toscana_hex_4,572.39,535.23,Grosseto,138.06,"3,03",4,"3162 posti per 3254 detenuti (103%). Condizioni non critiche ma 391 locali inutilizzabili riducono gli spazi pro capite. Mediamente 3 persone per stanza, con sanitari al limite."
Toscana,Toscana_hex_5,428.28,385.06,Livorno,148.32,"4,34",1,"3162 posti per 3254 detenuti (103%). Condizioni non critiche ma 391 locali inutilizzabili riducono gli spazi pro capite. Mediamente 3 persone per stanza, con sanitari al limite."
Toscana,Toscana_hex_6,457.10,435.39,Livorno Gorgona,193.33,"6,94",2,"3162 posti per 3254 detenuti (103%). Condizioni non critiche ma 391 locali inutilizzabili riducono gli spazi pro capite. Mediamente 3 persone per stanza, con sanitari al limite."
Toscana,Toscana_hex_7,457.10,335.14,Lucca,137.07,"3,86",2,"3162 posti per 3254 detenuti (103%). Condizioni non critiche ma 391 locali inutilizzabili riducono gli spazi pro capite. Mediamente 3 persone per stanza, con sanitari al limite."
Toscana,Toscana_hex_8,342.21,335.14,Massa,92.13,"3,84",3,"3162 posti per 3254 detenuti (103%). Condizioni non critiche ma 391 locali inutilizzabili riducono gli spazi pro capite. Mediamente 3 persone per stanza, con sanitari al limite."
Toscana,Toscana_hex_9,515.15,535.23,Massa Marittima,207.32,"6,23",2,"3162 posti per 3254 detenuti (103%). Condizioni non critiche ma 391 locali inutilizzabili riducono gli spazi pro capite. Mediamente 3 persone per stanza, con sanitari al limite."
Toscana,Toscana_hex_10,399.46,335.14,Pisa,143.37,"4,4",2,"3162 posti per 3254 detenuti (103%). Condizioni non critiche ma 391 locali inutilizzabili riducono gli spazi pro capite. Mediamente 3 persone per stanza, con sanitari al limite."
Toscana,Toscana_hex_11,486.32,385.06,Pistoia,96.23,"7,1",2,"3162 posti per 3254 detenuti (103%). Condizioni non critiche ma 391 locali inutilizzabili riducono gli spazi pro capite. Mediamente 3 persone per stanza, con sanitari al limite."
Toscana,Toscana_hex_12,486.32,485.31,Porto Azzurro,161.29,"7,49",2,"3162 posti per 3254 detenuti (103%). Condizioni non critiche ma 391 locali inutilizzabili riducono gli spazi pro capite. Mediamente 3 persone per stanza, con sanitari al limite."
Toscana,Toscana_hex_13,543.57,385.06,Prato,95.14,"6,1",2,"3162 posti per 3254 detenuti (103%). Condizioni non critiche ma 391 locali inutilizzabili riducono gli spazi pro capite. Mediamente 3 persone per stanza, con sanitari al limite."
Toscana,Toscana_hex_14,543.57,485.31,San Gimignano,98.44,"5,29",2,"3162 posti per 3254 detenuti (103%). Condizioni non critiche ma 391 locali inutilizzabili riducono gli spazi pro capite. Mediamente 3 persone per stanza, con sanitari al limite."
Toscana,Toscana_hex_15,601.21,485.31,Siena,102.28,"5,35",2,"3162 posti per 3254 detenuti (103%). Condizioni non critiche ma 391 locali inutilizzabili riducono gli spazi pro capite. Mediamente 3 persone per stanza, con sanitari al limite."
Toscana,Toscana_hex_16,515.15,435.39,Volterra,143.05,"7,93",2,"3162 posti per 3254 detenuti (103%). Condizioni non critiche ma 391 locali inutilizzabili riducono gli spazi pro capite. Mediamente 3 persone per stanza, con sanitari al limite."
Trentino-Alto_Adige,Trentino-Alto_Adige_hex_1,486.32,85.54,Bolzano,126.26,"3,88",4,"510 posti per 486 detenuti (95%). Situazione equilibrata, con 4 locali inutilizzabili. Mediamente 2-3 persone per cella, spazi gestibili e servizi adeguati."
Trentino-Alto_Adige,Trentino-Alto_Adige_hex_2,543.57,85.54,Trento,95.24,"5,97",3,"510 posti per 486 detenuti (95%). Situazione equilibrata, con 4 locali inutilizzabili. Mediamente 2-3 persone per cella, spazi gestibili e servizi adeguati."
Umbria,Umbria_hex_2,688.08,535.23,Spoleto,132.39,"4,31",4,"1429 posti e 1595 detenuti (112%). Sovraffollamento moderato, con 63 locali non disponibili. Circa 3-4 persone per cella, docce e sanitari inadeguati per le necessità."
Umbria,Umbria_hex_3,659.26,485.31,Perugia,85,"4,47",2,"1429 posti e 1595 detenuti (112%). Sovraffollamento moderato, con 63 locali non disponibili. Circa 3-4 persone per cella, docce e sanitari inadeguati per le necessità."
Umbria,Umbria_hex_1,630.03,535.23,Orvieto,149.35,"8,09",2,"1429 posti e 1595 detenuti (112%). Sovraffollamento moderato, con 63 locali non disponibili. Circa 3-4 persone per cella, docce e sanitari inadeguati per le necessità."
Umbria,Umbria_hex_4,659.26,585.15,Terni,124.49,5,2,"1429 posti e 1595 detenuti (112%). Sovraffollamento moderato, con 63 locali non disponibili. Circa 3-4 persone per cella, docce e sanitari inadeguati per le necessità."
Valle d'Aosta,Valle-d-Aosta_hex_1,24,83.21,Brissogne,88.10,"8,3",1,"181 posti per 148 detenuti (82%). Situazione ottimale, con 13 locali inutilizzabili nell’unica struttura carceraria presente nella regione. Mediamente 1-2 persone per cella, spazi e servizi ampiamente sufficienti."
Veneto,Veneto_hex_1,630.03,36.02,Belluno,88.28,"4,03",3,"1946 posti per 2656 detenuti (136%). Grave sovraffollamento, con 119 locali inutilizzabili. Circa 4-5 persone per stanza, con servizi sanitari al di sotto delle necessità."
Veneto,Veneto_hex_2,572.39,135.46,"Padova, circondariale",138.05,"4,41",4,"1946 posti per 2656 detenuti (136%). Grave sovraffollamento, con 119 locali inutilizzabili. Circa 4-5 persone per stanza, con servizi sanitari al di sotto delle necessità."
Veneto,Veneto_hex_3,630.03,135.46,"Padova, reclusione ",88.10,"5,02",2,"1946 posti per 2656 detenuti (136%). Grave sovraffollamento, con 119 locali inutilizzabili. Circa 4-5 persone per stanza, con servizi sanitari al di sotto delle necessità."
Veneto,Veneto_hex_4,572.39,235.30,Rovigo,134.15,"4,6",3,"1946 posti per 2656 detenuti (136%). Grave sovraffollamento, con 119 locali inutilizzabili. Circa 4-5 persone per stanza, con servizi sanitari al di sotto delle necessità."
Veneto,Veneto_hex_5,688.08,135.46,Treviso,118.33,"3,41",4,"1946 posti per 2656 detenuti (136%). Grave sovraffollamento, con 119 locali inutilizzabili. Circa 4-5 persone per stanza, con servizi sanitari al di sotto delle necessità."
Veneto,Veneto_hex_7,630.03,235.30,Venezia Giudecca,114.15,"5,85",4,"1946 posti per 2656 detenuti (136%). Grave sovraffollamento, con 119 locali inutilizzabili. Circa 4-5 persone per stanza, con servizi sanitari al di sotto delle necessità."
Veneto,Veneto_hex_6,601.21,185.38,"Venezia, circondariale",146.27,"3,14",4,"1946 posti per 2656 detenuti (136%). Grave sovraffollamento, con 119 locali inutilizzabili. Circa 4-5 persone per stanza, con servizi sanitari al di sotto delle necessità."
Veneto,Veneto_hex_8,543.57,185.38,Verona,170.24,"3,83",2,"1946 posti per 2656 detenuti (136%). Grave sovraffollamento, con 119 locali inutilizzabili. Circa 4-5 persone per stanza, con servizi sanitari al di sotto delle necessità."
Veneto,Veneto_hex_9,601.21,85.54,Vicenza,168.59,"4,12",2,"1946 posti per 2656 detenuti (136%). Grave sovraffollamento, con 119 locali inutilizzabili. Circa 4-5 persone per stanza, con servizi sanitari al di sotto delle necessità."